abdomen,,,85,165,
abhängigkeit,,,39,,
alkohol,,,39,,
allergo,,,92,,
anästhe,,,2,,
angio,cholangio,,119,132,
aorta,,,119,47,
arm,darm,,31,,
arteri,,,119,137,
arthro,,,31,,
audio,,,32,,
augen,,,30,,
bauch,,,85,165,
behörd,,,9,,
bestrahlungssimulation,,,103,,
bewegung,,,31,36,79
blut,,,95,,
brachy,,,103,,
broncho,,,99,166,
chemotherapie,,,96,,
cholangio,,,101,,
diabet,,,94,,
Drogen,,,39,,
elektronen,,,101,,
endokri,,,94,,
epilepsie,,,127,,
erythro,,,95,,
fieber,,,74,,
fistulo,,,31,,
fuss,,,31,,
gefäss,,,119,137,
gehör,,,32,,
gelenk,,,31,,
geneti,,,75,,
genital,weiblich,,42,127,
geriatr,,,81,,
graphie,,,101,,
gruppen,,,39,,
hand,,,31,129,
harn,,,42,127,
herz,,,83,134,
hirn,,,26,27,
hör,,,32,,
hüfte,,,31,,
hygien,,,74,,
immun,,,92,,
impfung,,,74,,
infektion,,,74,,
intelli,,,39,,
intensivmedizin,,,122,,
isolierung,,,74,,
isotop,,,100,,
Jugend,,,59,19,
kapilla,,,119,132,
kardio,,,83,134,
kiefer,,,57,,
Kinder,,,59,19,
klavikula,,,138,,
kolon,,,165,85,
krebs,,,96,,
krise,,,39,,
labor,,,130,,
leber,,,164,,
leuko,,,95,,
liaison,,,160,39,
logopäd,,,35,,
lymph,,,119,137,
magen,,,85,165,
mamma,,,155,10,
manuelle,,,79,,
molekul,,,123,,
motivation,,,39,,
mri,,,101,,
muskel,,,31,,
nase,,,32,,
neugeboren,,,73,,
neuropädia,,,116,,
niere,,,98,,
nuklear,,,100,,
okulo,,,30,,
Ophta,,,30,,
organentnahme,,,6,,
ösopha,,,12,,
pädia,,,59,,
pankrea,,,85,,
pelvi,,,31,79,
pharma,,,102,76,
photo,,,30,,
plazenta,,,155,,
pneumo,,,99,166,
pränatal,,,121,,
prostata,,,42,127,
psych,,,39,,
psychosoma,,,90,39,
pulmon,,,99,166,
radio,,,101,,
radiographie,,,101,,
rehabili,,,36,79,
rektum,,,85,,
retin,,,30,,
rippe,,,138,,
röntgen,,,101,,
rumpf,,,138,,
samen,,,42,127,
säugling,,,73,,
schädel,,,26,,
schenkel,,,31,,
schiene,,,31,,
schluck,,,32,,
schulter,,,31,,
sehen,,,30,,
sicht,,,30,,
skelett,,,31,,
sozial,,,39,90,
sperma,,,104,,
sprach,,,35,,
sprech,,,35,,
sternum,,,138,,
stimm,,,35,,
Szinti,,,100,,
teilchen,,,100,,
therapeu,,,91,,
thorax,,,138,,
thromboly,,,95,,
tomograph,,,101,,
toxi,,,102,76,
training,,,79,36,
transfusion,,,95,,
transplantation,ohne,herausnahme,6,,
übung,,,79,36,
ultraschall,,,101,91,
uro,,,42,127,
uterus,,,10,155,
vagina,,,10,,
venen,,,119,137,
verdauungs,,,85,,
vertebra,,,31,79,
viral,,,74,,
weiblich,,,10,155,
wirbelsäule,,,31,79,
zahn,,,57,,
zähne,,,57,,
zerebral,,,27,,
zysto,,,42,127,